paths_folder,seeds_used,figures_written,output_dir,plot_output_dir
"/project/lhansen/Cap_damage/TwoStageTechJump_FOCIr_orignal/output_001/OneTechJump_Pi_1p0_TechIntensityScale_1p0_LR_warmup_cosine_10e-6,40e-4_128_neurons_32_#HiddenLayer_4_num_iterations1000000/SimulationResults/paths_ξ_0.05",100,6,"/project/lhansen/Cap_damage/TwoStageTechJump_FOCIr_orignal/output_001/OneTechJump_Pi_1p0_TechIntensityScale_1p0_LR_warmup_cosine_10e-6,40e-4_128_neurons_32_#HiddenLayer_4_num_iterations1000000/SimulationResults/paths_ξ_0.05/ControlDensities/marginal_pre-post","/project/lhansen/Cap_damage/TwoStageTechJump_FOCIr_orignal/output_001/OneTechJump_Pi_1p0_TechIntensityScale_1p0_LR_warmup_cosine_10e-6,40e-4_128_neurons_32_#HiddenLayer_4_num_iterations1000000/SimulationResultsPlot/paths_ξ_0.05/ControlDensities/marginal_pre-post"
"/project/lhansen/Cap_damage/TwoStageTechJump_FOCIr_orignal/output_001/OneTechJump_Pi_1p0_TechIntensityScale_1p0_LR_warmup_cosine_10e-6,40e-4_128_neurons_32_#HiddenLayer_4_num_iterations1000000/SimulationResults/paths_ξ_0.1",100,6,"/project/lhansen/Cap_damage/TwoStageTechJump_FOCIr_orignal/output_001/OneTechJump_Pi_1p0_TechIntensityScale_1p0_LR_warmup_cosine_10e-6,40e-4_128_neurons_32_#HiddenLayer_4_num_iterations1000000/SimulationResults/paths_ξ_0.1/ControlDensities/marginal_pre-post","/project/lhansen/Cap_damage/TwoStageTechJump_FOCIr_orignal/output_001/OneTechJump_Pi_1p0_TechIntensityScale_1p0_LR_warmup_cosine_10e-6,40e-4_128_neurons_32_#HiddenLayer_4_num_iterations1000000/SimulationResultsPlot/paths_ξ_0.1/ControlDensities/marginal_pre-post"
"/project/lhansen/Cap_damage/TwoStageTechJump_FOCIr_orignal/output_001/OneTechJump_Pi_1p0_TechIntensityScale_1p0_LR_warmup_cosine_10e-6,40e-4_128_neurons_32_#HiddenLayer_4_num_iterations1000000/SimulationResults/paths_ξ_0.3",100,6,"/project/lhansen/Cap_damage/TwoStageTechJump_FOCIr_orignal/output_001/OneTechJump_Pi_1p0_TechIntensityScale_1p0_LR_warmup_cosine_10e-6,40e-4_128_neurons_32_#HiddenLayer_4_num_iterations1000000/SimulationResults/paths_ξ_0.3/ControlDensities/marginal_pre-post","/project/lhansen/Cap_damage/TwoStageTechJump_FOCIr_orignal/output_001/OneTechJump_Pi_1p0_TechIntensityScale_1p0_LR_warmup_cosine_10e-6,40e-4_128_neurons_32_#HiddenLayer_4_num_iterations1000000/SimulationResultsPlot/paths_ξ_0.3/ControlDensities/marginal_pre-post"
"/project/lhansen/Cap_damage/TwoStageTechJump_FOCIr_orignal/output_001/OneTechJump_Pi_1p0_TechIntensityScale_1p0_LR_warmup_cosine_10e-6,40e-4_128_neurons_32_#HiddenLayer_4_num_iterations1000000/SimulationResults/paths_ξ_148.6",100,6,"/project/lhansen/Cap_damage/TwoStageTechJump_FOCIr_orignal/output_001/OneTechJump_Pi_1p0_TechIntensityScale_1p0_LR_warmup_cosine_10e-6,40e-4_128_neurons_32_#HiddenLayer_4_num_iterations1000000/SimulationResults/paths_ξ_148.6/ControlDensities/marginal_pre-post","/project/lhansen/Cap_damage/TwoStageTechJump_FOCIr_orignal/output_001/OneTechJump_Pi_1p0_TechIntensityScale_1p0_LR_warmup_cosine_10e-6,40e-4_128_neurons_32_#HiddenLayer_4_num_iterations1000000/SimulationResultsPlot/paths_ξ_148.6/ControlDensities/marginal_pre-post"
"/project/lhansen/Cap_damage/TwoStageTechJump_FOCIr_orignal/output_001/TwoStageTech_LR_warmup_cosine_10e-6,10e-4_128_neurons_32_#HiddenLayer_4_num_iterations1000000/SimulationResults/paths_ξ_0.05",100,12,"/project/lhansen/Cap_damage/TwoStageTechJump_FOCIr_orignal/output_001/TwoStageTech_LR_warmup_cosine_10e-6,10e-4_128_neurons_32_#HiddenLayer_4_num_iterations1000000/SimulationResults/paths_ξ_0.05/ControlDensities/marginal_pre-post","/project/lhansen/Cap_damage/TwoStageTechJump_FOCIr_orignal/output_001/TwoStageTech_LR_warmup_cosine_10e-6,10e-4_128_neurons_32_#HiddenLayer_4_num_iterations1000000/SimulationResultsPlot/paths_ξ_0.05/ControlDensities/marginal_pre-post"
"/project/lhansen/Cap_damage/TwoStageTechJump_FOCIr_orignal/output_001/TwoStageTech_LR_warmup_cosine_10e-6,10e-4_128_neurons_32_#HiddenLayer_4_num_iterations1000000/SimulationResults/paths_ξ_0.1",100,12,"/project/lhansen/Cap_damage/TwoStageTechJump_FOCIr_orignal/output_001/TwoStageTech_LR_warmup_cosine_10e-6,10e-4_128_neurons_32_#HiddenLayer_4_num_iterations1000000/SimulationResults/paths_ξ_0.1/ControlDensities/marginal_pre-post","/project/lhansen/Cap_damage/TwoStageTechJump_FOCIr_orignal/output_001/TwoStageTech_LR_warmup_cosine_10e-6,10e-4_128_neurons_32_#HiddenLayer_4_num_iterations1000000/SimulationResultsPlot/paths_ξ_0.1/ControlDensities/marginal_pre-post"
"/project/lhansen/Cap_damage/TwoStageTechJump_FOCIr_orignal/output_001/TwoStageTech_LR_warmup_cosine_10e-6,10e-4_128_neurons_32_#HiddenLayer_4_num_iterations1000000/SimulationResults/paths_ξ_0.3",100,12,"/project/lhansen/Cap_damage/TwoStageTechJump_FOCIr_orignal/output_001/TwoStageTech_LR_warmup_cosine_10e-6,10e-4_128_neurons_32_#HiddenLayer_4_num_iterations1000000/SimulationResults/paths_ξ_0.3/ControlDensities/marginal_pre-post","/project/lhansen/Cap_damage/TwoStageTechJump_FOCIr_orignal/output_001/TwoStageTech_LR_warmup_cosine_10e-6,10e-4_128_neurons_32_#HiddenLayer_4_num_iterations1000000/SimulationResultsPlot/paths_ξ_0.3/ControlDensities/marginal_pre-post"
"/project/lhansen/Cap_damage/TwoStageTechJump_FOCIr_orignal/output_001/TwoStageTech_LR_warmup_cosine_10e-6,10e-4_128_neurons_32_#HiddenLayer_4_num_iterations1000000/SimulationResults/paths_ξ_148.6",100,12,"/project/lhansen/Cap_damage/TwoStageTechJump_FOCIr_orignal/output_001/TwoStageTech_LR_warmup_cosine_10e-6,10e-4_128_neurons_32_#HiddenLayer_4_num_iterations1000000/SimulationResults/paths_ξ_148.6/ControlDensities/marginal_pre-post","/project/lhansen/Cap_damage/TwoStageTechJump_FOCIr_orignal/output_001/TwoStageTech_LR_warmup_cosine_10e-6,10e-4_128_neurons_32_#HiddenLayer_4_num_iterations1000000/SimulationResultsPlot/paths_ξ_148.6/ControlDensities/marginal_pre-post"
"/project/lhansen/Cap_damage/TwoStageTechJump_FOCIr_orignal/output_001/TwoStageTech_TechIntensityScale_2p0_LR_warmup_cosine_10e-6,40e-4_128_neurons_32_#HiddenLayer_4_num_iterations1000000/SimulationResults/paths_ξ_0.05",100,12,"/project/lhansen/Cap_damage/TwoStageTechJump_FOCIr_orignal/output_001/TwoStageTech_TechIntensityScale_2p0_LR_warmup_cosine_10e-6,40e-4_128_neurons_32_#HiddenLayer_4_num_iterations1000000/SimulationResults/paths_ξ_0.05/ControlDensities/marginal_pre-post","/project/lhansen/Cap_damage/TwoStageTechJump_FOCIr_orignal/output_001/TwoStageTech_TechIntensityScale_2p0_LR_warmup_cosine_10e-6,40e-4_128_neurons_32_#HiddenLayer_4_num_iterations1000000/SimulationResultsPlot/paths_ξ_0.05/ControlDensities/marginal_pre-post"
"/project/lhansen/Cap_damage/TwoStageTechJump_FOCIr_orignal/output_001/TwoStageTech_TechIntensityScale_2p0_LR_warmup_cosine_10e-6,40e-4_128_neurons_32_#HiddenLayer_4_num_iterations1000000/SimulationResults/paths_ξ_0.1",8,12,"/project/lhansen/Cap_damage/TwoStageTechJump_FOCIr_orignal/output_001/TwoStageTech_TechIntensityScale_2p0_LR_warmup_cosine_10e-6,40e-4_128_neurons_32_#HiddenLayer_4_num_iterations1000000/SimulationResults/paths_ξ_0.1/ControlDensities/marginal_pre-post","/project/lhansen/Cap_damage/TwoStageTechJump_FOCIr_orignal/output_001/TwoStageTech_TechIntensityScale_2p0_LR_warmup_cosine_10e-6,40e-4_128_neurons_32_#HiddenLayer_4_num_iterations1000000/SimulationResultsPlot/paths_ξ_0.1/ControlDensities/marginal_pre-post"
"/project/lhansen/Cap_damage/TwoStageTechJump_FOCIr_orignal/output_001/TwoStageTech_TechIntensityScale_2p0_LR_warmup_cosine_10e-6,40e-4_128_neurons_32_#HiddenLayer_4_num_iterations1000000/SimulationResults/paths_ξ_0.3",8,12,"/project/lhansen/Cap_damage/TwoStageTechJump_FOCIr_orignal/output_001/TwoStageTech_TechIntensityScale_2p0_LR_warmup_cosine_10e-6,40e-4_128_neurons_32_#HiddenLayer_4_num_iterations1000000/SimulationResults/paths_ξ_0.3/ControlDensities/marginal_pre-post","/project/lhansen/Cap_damage/TwoStageTechJump_FOCIr_orignal/output_001/TwoStageTech_TechIntensityScale_2p0_LR_warmup_cosine_10e-6,40e-4_128_neurons_32_#HiddenLayer_4_num_iterations1000000/SimulationResultsPlot/paths_ξ_0.3/ControlDensities/marginal_pre-post"
"/project/lhansen/Cap_damage/TwoStageTechJump_FOCIr_orignal/output_001/TwoStageTech_TechIntensityScale_2p0_LR_warmup_cosine_10e-6,40e-4_128_neurons_32_#HiddenLayer_4_num_iterations1000000/SimulationResults/paths_ξ_148.6",8,12,"/project/lhansen/Cap_damage/TwoStageTechJump_FOCIr_orignal/output_001/TwoStageTech_TechIntensityScale_2p0_LR_warmup_cosine_10e-6,40e-4_128_neurons_32_#HiddenLayer_4_num_iterations1000000/SimulationResults/paths_ξ_148.6/ControlDensities/marginal_pre-post","/project/lhansen/Cap_damage/TwoStageTechJump_FOCIr_orignal/output_001/TwoStageTech_TechIntensityScale_2p0_LR_warmup_cosine_10e-6,40e-4_128_neurons_32_#HiddenLayer_4_num_iterations1000000/SimulationResultsPlot/paths_ξ_148.6/ControlDensities/marginal_pre-post"
